{
	"data": [{
			"id": 1,
			"channel_name": "Google",
			"description": "Display your products on Google shopping, search and other partner sites",
			"created_at": "2014-08-27 18:19:43",
			"updated_at": "2020-03-18 17:52:47",
			"feed_protocol": "ftp",
			"feed_url": "uploads.google.com",
			"taxonomy_seperator": ">",
			"file_format": "txt",
			"priority": 300,
			"delimiter": null,
			"type": null,
			"region": "North America,Asia \/ Australia, Europe, Latin America",
			"final_feed_format": null,
			"advertising_module": "ppc",
			"toggle": true,
			"category": "channel",
			"feed_type": "regular",
			"channel_class_name": "Google"
		}, {
			"id": 4,
			"channel_name": "Connexity",
			"description": "Online comparison shopping engine in the US with sites for UK, France, and Germany",
			"created_at": "2014-08-27 18:19:43",
			"updated_at": "2020-03-18 17:52:47",
			"feed_protocol": "ftp",
			"feed_url": "ftp.shopzilla.com",
			"taxonomy_seperator": ">",
			"file_format": "txt",
			"priority": 200,
			"delimiter": null,
			"type": null,
			"region": "North America, Europe",
			"final_feed_format": null,
			"advertising_module": "ppc",
			"toggle": true,
			"category": "channel",
			"feed_type": "regular",
			"channel_class_name": "Connexity"
		},
		{
			"id": 6,
			"channel_name": "Bing",
			"description": "Bing Shopping just like Google Shopping",
			"created_at": "2014-08-27 18:19:43",
			"updated_at": "2020-03-18 17:52:47",
			"feed_protocol": "ftp",
			"feed_url": "feeds.adcenter.microsoft.com",
			"taxonomy_seperator": ">",
			"file_format": "txt",
			"priority": 190,
			"delimiter": null,
			"type": null,
			"region": "North America",
			"final_feed_format": null,
			"advertising_module": "ppc",
			"toggle": true,
			"category": "channel",
			"feed_type": "regular",
			"channel_class_name": "Bing"
		},
		{
			"id": 21,
			"channel_name": "Priceme",
			"description": "New Zealand's largest comparison shopping site",
			"created_at": "2014-10-21 09:50:28",
			"updated_at": "2020-03-18 17:52:47",
			"feed_protocol": "ftp",
			"feed_url": "ftp.mypriceme.com",
			"taxonomy_seperator": ":",
			"file_format": "txt",
			"priority": 99,
			"delimiter": ":",
			"type": null,
			"region": "Europe",
			"final_feed_format": null,
			"advertising_module": "ppc",
			"toggle": true,
			"category": "channel",
			"feed_type": "custom",
			"channel_class_name": "Priceme"
		},
		{
			"id": 22,
			"channel_name": "Pricerunner",
			"description": "UK-based comparison shopping site that has US and Sweden variations as well",
			"created_at": "2014-11-28 17:20:51",
			"updated_at": "2020-03-18 17:52:47",
			"feed_protocol": "ftp",
			"feed_url": "",
			"taxonomy_seperator": ">",
			"file_format": "txt",
			"priority": 121,
			"delimiter": null,
			"type": null,
			"region": "Europe",
			"final_feed_format": null,
			"advertising_module": "ppc",
			"toggle": true,
			"category": "channel",
			"feed_type": "custom",
			"channel_class_name": "Pricerunner"
		},
		{
			"id": 41,
			"channel_name": "Facebook",
			"description": "Advertise your products on Facebook",
			"created_at": "2015-10-06 16:05:14",
			"updated_at": "2020-03-18 17:52:47",
			"feed_protocol": "ftp",
			"feed_url": "",
			"taxonomy_seperator": ">",
			"file_format": "txt",
			"priority": 200,
			"delimiter": "",
			"type": "Social Marketing",
			"region": "North America,Asia \/ Australia, Europe, Latin America",
			"final_feed_format": null,
			"advertising_module": "ppc",
			"toggle": true,
			"category": "channel",
			"feed_type": "regular",
			"channel_class_name": "Facebook"
		},
		{
			"id": 43,
			"channel_name": "Shareasale",
			"description": "Affiliate marketing site",
			"created_at": "2015-10-06 16:05:14",
			"updated_at": "2020-03-18 17:52:47",
			"feed_protocol": "ftp",
			"feed_url": "datafeeds.shareasale.com",
			"taxonomy_seperator": ">",
			"file_format": "csv",
			"priority": 200,
			"delimiter": "",
			"type": "",
			"region": "North America",
			"final_feed_format": "zip",
			"advertising_module": "ppc",
			"toggle": true,
			"category": "channel",
			"feed_type": "custom",
			"channel_class_name": "Shareasale"
		},
		{
			"id": 44,
			"channel_name": "CJAffiliate",
			"description": "World's most established affiliate marketing network that reaches all your consumers",
			"created_at": "2015-10-23 12:45:14",
			"updated_at": "2020-03-18 17:52:47",
			"feed_protocol": "ftp",
			"feed_url": "datatransfer.cj.com",
			"taxonomy_seperator": ">",
			"file_format": "txt",
			"priority": 200,
			"delimiter": "",
			"type": "",
			"region": "North America",
			"final_feed_format": null,
			"advertising_module": "ppc",
			"toggle": true,
			"category": "channel",
			"feed_type": "custom",
			"channel_class_name": "CJAffiliate"
		},

		{
			"id": 60,
			"channel_name": "Pinterest",
			"description": "Display your products on Pintrest, promote your products on Pinterest",
			"created_at": "2020-03-05 18:17:08",
			"updated_at": "2020-03-18 17:52:47",
			"feed_protocol": "",
			"feed_url": null,
			"taxonomy_seperator": ">",
			"file_format": "csv",
			"priority": 300,
			"delimiter": ",",
			"type": null,
			"region": "North America,Asia \/ Australia, Europe, Latin America",
			"final_feed_format": null,
			"advertising_module": "ppc",
			"toggle": true,
			"category": "channel",
			"feed_type": "regular",
			"channel_class_name": "Pinterest"
		},
		{
			"id": 61,
			"channel_name": "Snapchat",
			"description": "Showcase your products and services you sell online through Snapchat",
			"created_at": "2020-03-11 08:53:07",
			"updated_at": "2020-03-18 17:52:47",
			"feed_protocol": "",
			"feed_url": null,
			"taxonomy_seperator": ">",
			"file_format": "csv",
			"priority": 300,
			"delimiter": ",",
			"type": null,
			"region": "North America,Asia \/ Australia, Europe, Latin America",
			"final_feed_format": null,
			"advertising_module": "ppc",
			"toggle": true,
			"category": "channel",
			"feed_type": "regular",
			"channel_class_name": "Snapchat"
		},
		{
			"id": 62,
			"channel_name": "Instagram",
			"description": "Advertise your products on Instagram",
			"created_at": "2020-03-18 17:52:47",
			"updated_at": "2020-03-18 17:52:47",
			"feed_protocol": "ftp",
			"feed_url": "",
			"taxonomy_seperator": ">",
			"file_format": "txt",
			"priority": 200,
			"delimiter": "",
			"type": "Social Marketing",
			"region": "North America,Asia \/ Australia, Europe, Latin America",
			"final_feed_format": null,
			"advertising_module": "ppc",
			"toggle": true,
			"category": "channel",
			"feed_type": "regular",
			"channel_class_name": "Instagram"
		},
		{
			"id": 620,
			"channel_name": "Universal",
			"description": "Advertise your products",
			"created_at": "2020-03-18 17:52:47",
			"updated_at": "2020-03-18 17:52:47",
			"feed_protocol": "ftp",
			"feed_url": "",
			"taxonomy_seperator": ">",
			"file_format": "txt",
			"priority": 200,
			"delimiter": "",
			"type": "feed Marketing",
			"region": "World",
			"final_feed_format": null,
			"advertising_module": "ppc",
			"toggle": true,
			"category": "channel",
			"feed_type": "regular",
			"channel_class_name": "Universal"
		}
	]
}