id,parent_product_id,product_type,title,description,image_src,price,inventory_quantity,quantity,sale_price,prices_currency_code,size,color,material,grams,weight,weight_unit,sku,tags,handle,vendor,manufacturer,status,inventory_management,availibility
40749423231175,6936719163591,"Fridge, refrigrator","Compact Smart Frost Thor Fridge Freezer T65514MSFX","Model No: T65514MSFX 
EAN: 5391503415763
Compact Smart Frost Fridge FreezersdNo more frost build-up with this stylish New Fridge over Freezer from Thor. The sleek design with stainless steel look includes integrated handles for easy fridge and freezer access. Ideal for smaller homes where space is tight the large 153-litre fridge on top offers lots of easy access to cold storage space. The two large bottom freezer drawers also offer ample freezer space and are suitable for large cartons like bread and pizza. The New Thor Smart Frost technology allows the appliance to freeze the food with little or no frost build-up.Product Size W x D x H (mm) 540*550*1440205 Net Capacity Litres 205153 Refrigerator52 FreezerClimate Type ST/NEnergy Rating FElectronic Temp controlAdjustable LegsRecessed Door handleReversible DoorFRIDGE COMPARTMENTInterior LED Lamp3 Glass Shelves (one over salad drawer)1 Vegetable Drawer1 Glass Vegetable Crisper Cover2 Door Shelves1 Egg TrayFREEZER COMPARTMENTStar Rating ****Ice Tray 12 Large DrawersNet Weight (kg) 43Gross Weight (kg) 46Packing Size W x D x H (mm) 580*590*1490
Click to View User Manual
Click to View Product Fiche
 
",https://cdn.shopify.com/s/files/1/0563/1351/2135/products/CopyofFrostFreeThorTemplate_2.png?v=1629269380,150.00,7,7,500.00,USD,large,,,2600,2.60,kg,sd22,"Fridge, thor",t65514msfx-thor-appliances-frost-free-refrigeration,"Thor Appliances","Thor Appliances",active,shopify,1
40749423263943,6936719163591,"Fridge, refrigrator","Compact Smart Frost Thor Fridge Freezer T65514MSFX","Model No: T65514MSFX 
EAN: 5391503415763
Compact Smart Frost Fridge FreezersdNo more frost build-up with this stylish New Fridge over Freezer from Thor. The sleek design with stainless steel look includes integrated handles for easy fridge and freezer access. Ideal for smaller homes where space is tight the large 153-litre fridge on top offers lots of easy access to cold storage space. The two large bottom freezer drawers also offer ample freezer space and are suitable for large cartons like bread and pizza. The New Thor Smart Frost technology allows the appliance to freeze the food with little or no frost build-up.Product Size W x D x H (mm) 540*550*1440205 Net Capacity Litres 205153 Refrigerator52 FreezerClimate Type ST/NEnergy Rating FElectronic Temp controlAdjustable LegsRecessed Door handleReversible DoorFRIDGE COMPARTMENTInterior LED Lamp3 Glass Shelves (one over salad drawer)1 Vegetable Drawer1 Glass Vegetable Crisper Cover2 Door Shelves1 Egg TrayFREEZER COMPARTMENTStar Rating ****Ice Tray 12 Large DrawersNet Weight (kg) 43Gross Weight (kg) 46Packing Size W x D x H (mm) 580*590*1490
Click to View User Manual
Click to View Product Fiche
 
",https://cdn.shopify.com/s/files/1/0563/1351/2135/products/CopyofFrostFreeThorTemplate_2.png?v=1629269380,400.00,6,6,300.00,USD,small,,,1760,1.76,kg,sd23,"Fridge, thor",t65514msfx-thor-appliances-frost-free-refrigeration,"Thor Appliances","Thor Appliances",active,shopify,1
40711451836615,6936713298119,Cooker,"T05E1S1W Thor Appliances Single Cavity Cooker","Model No: T05E1S1W
EAN: 5391503413165
Oven Type Conventional 
Single or Double Cavity Single 
Colour White 
Hob Type Solid
No. of Hob Zones 4
Grill Type Element
Liner Type (Main Oven) Enamel
No. of Oven Shelves 3
Glass Oven Door Yes
Viewing Window in Oven Door Yes
Grill Pan Included Yes
Closed Door Grilling Yes
Open Door Variable Grilling
Warranty 2 Years 
Main Oven Capacity (Litres) 48
Top Oven Capacity (Litres)
Adjustable Feet 
Width (cm) 50
Height (cm) 90
Depth (cm) 60
Energy Rating (Top Oven) A
Energy Rating (Main Oven) A
Helpful Links:
User ManualEnergy Label
 
",https://cdn.shopify.com/s/files/1/0563/1351/2135/products/ThorTemplate_23.png?v=1629269232,230.00,10,10,219.99,USD,"Default Title",,,13000,13.00,kg,,Cooker,cooker-single-cavity,"Thor Appliances","Thor Appliances",active,shopify,1
40711452721351,6936713560263,Cooker,"T05E2S1W Thor Appliances Double Cavity Cooker"," 
Model No: T05E2S1W
EAN: 5391503413158
Oven Type Fan Assisted
Single or Double Cavity Double
Colour White 
Hob Type Solid
No. of Hob Zones 3
Grill Type Radiant
Liner Type (Top Oven) Enamel
Liner Type (Main Oven) Enamel
No. of Oven Shelves 2
Glass Oven Door Yes
Viewing Window in Oven Door
Fan Assisted Main Oven Yes
Defrost Function Yes
Timer Yes
Display Type
Closed Door Grilling Yes
Warranty 2 Years
Main Oven Capacity (Litres) 58
Top Oven Capacity (Litres) 27
Adjustable Feet 
Width (cm) 60
Height (cm) 90
Depth (cm) 60
Energy Rating (Top Oven) A
Energy Rating (Main Oven) A
 
Helpful Links:
User ManualEnergy Label
 
Buy now direct from DID Electrical
",https://cdn.shopify.com/s/files/1/0563/1351/2135/products/ThorTemplate_10.png?v=1629269237,299.99,1,1,,USD,"Default Title",,,0,0,kg,,Cooker,cooker-double-cavity,"Thor Appliances","Thor Appliances",active,,1
40711459438791,6936715690183,Cooker,"T06E1S1W 60cm Thor Single Cavity Cooker","Model No: T11100MECEAN: 5391503415619
2 in 1 dual temperature chest freezer 
Switchable design - convert between fridge and freezer 
Five operating modes 
Large capacity 99 liters 
100-hour power-off protection 
4D Cooling - uniform cooling from 4 sides for fast and deep freezing
Hovering door with space-saving embedded hinges 
Capacity liters 99
Basket -  wire 
Energy rating F
Dimensions (WxDxH) 545 x 476 x 840 mm
Temperature Range +5 to -24 ℃
Product Fiche
User Manual 
 
  
",https://cdn.shopify.com/s/files/1/0563/1351/2135/products/ThorTemplate_24.png?v=1629269286,249.99,0,0,,USD,"Default Title",,,0,0,kg,,Cooker,t06e1s1w-thor-appliances-single-cavity-cooker,"Thor Appliances","Thor Appliances",active,,
40711460978887,6936716509383,Freezer,"T11100MEC 2 in 1 Chest Freezer","Model No: T11100MECEAN: 5391503415619
2 in 1 dual temperature chest freezer 
Switchable design - convert between fridge and freezer 
Five operating modes 
Large capacity 99 liters 
100-hour power-off protection 
4D Cooling - uniform cooling from 4 sides for fast and deep freezing
Hovering door with space-saving embedded hinges 
Capacity liters 99
Basket -  wire 
Energy rating F
Dimensions (WxDxH) 545 x 476 x 840 mm
Temperature Range +5 to -24 ℃
Product Fiche
User Manual 
 
  
",https://cdn.shopify.com/s/files/1/0563/1351/2135/products/CopyofFrostFreeThorTemplate_5c7c68a0-7a5c-4aad-97c1-298d9e6e23af.png?v=1629269306,199.99,0,0,,USD,"Default Title",,,0,0,kg,,Freezer,t11100mec,"Thor Appliances","Thor Appliances",active,,
40711462846663,6936717263047,Freezer,"T11150MEC 2 IN 1 CHEST FREEZER","Model No: T11150MECEAN: 5391503415626 
2 in 1 dual temperature chest freezer 
Switchable design - convert between fridge and freezer 

Temperature Range +5 to -24 ℃

Five operating modes 
Large capacity 142 liters 
100-hour power-off protection 
4D cooling - uniform cooling from 4 sides for fast and deep freezing
Hovering door with space-saving embedded hinges 
Capacity litres 99
Basket wire 
Energy rating F
Dimensions (WxDxH) 635 x 556 x 840 mm


Product Fiche

Manual 
 
  
",https://cdn.shopify.com/s/files/1/0563/1351/2135/products/CopyofFrostFreeThorTemplate_2_c8ac588b-b060-48c4-b85d-25fd5fb095b9.png?v=1629269327,300.00,0,0,,USD,"Default Title",,,0,0,kg,,Freezer,t11150mec,"Thor Appliances","Thor Appliances",active,,
40711454359751,6936714051783,Freezer,"T111MLW Thor Appliances Chest Freezer 100L","Model No: T111MLWEAN: 5391503495956 
Size (Width x Depth x Height in mm) 568 x 560 x 845
Net Freezer Capacity Litres 98
Energy Efficiency A+
Noise Level (dB) 38dB
Energy Consumption (kWh/year) 176
Storage Baskets
High Temp Warning System
Counter-balanced Lid
Mains on Indicator
Min Ambient Operating Temp (C) -12
Max Ambient Operating Temp (C) -30

Helpful Links:
Energy Label
 Manual 
  
Buy now direct from DID Electrical
",https://cdn.shopify.com/s/files/1/0563/1351/2135/products/PPTemplate_10.png?v=1629269250,1222.00,1,1,,USD,"Default Title",,,0,0,kg,,Freezer,chest-freezer-100l,"Thor Appliances","Thor Appliances",active,,1
40711464812743,6936718082247,Freezer,"T11200MEC 2 in 1 Chest Freezer","Model No: T11200MECEAN: 5391503415633
2 in 1 dual temperature chest freezer 
Switchable design - convert between fridge and freezer 

Temperature Range +5 to -24 ℃

Five operating modes 
Large capacity 199 Litres 
100 hour power off protection 
4D cooling - uniform cooling from 4 sides for fast and deep freezing
Hovering door with space-saving embedded hinges 
Capacity litres 199
Basket 
Energy rating F
Dimensions (WxDxH) 823 x 556 x 840 mm


User Manual   
Product Fiche
",https://cdn.shopify.com/s/files/1/0563/1351/2135/products/CopyofFrostFreeThorTemplate_975f8511-3799-4cc5-803f-cd433e7b8053.png?v=1629269350,432.00,0,0,,USD,"Default Title",,,0,0,kg,,Freezer,t11200mec,"Thor Appliances","Thor Appliances",active,,
40711466418375,6936718868679,Freezer,"T11300MEC Large Chest Freezer","Model No: T11300MECEAN: 5391503415640 
 
2 in 1 dual temperature chest freezer 
Temperature range from 5 to -25
Switchable design - convert between fridge and freezer 
Five operating modes 
100-hour power-off protection 
4D cooling - uniform cooling from 4 sides for fast and deep freezing
Hovering door with space-saving embedded hinges
Two Baskets 
Energy rating F
LED Internal Light
Lid Lock
Dimensions (WxDxH) 1055 x 735 x 835 mm
Net Capacity (Liters)        292
Freezer Liters      292
Net Weight (kg) 44
Gross Weight (kg) 50
FEATURES          
Manual Defrost
Internal Condenser
Climate Type      N/ST/ST/T
Electronic temperature control
Quick freeze function     
Adjustable Legs   
External Handle with Lock
Star Rating          ****
Wire Basket        2
Packing Size W x D x H (mm)         1085X780X885
User Manual 
Product Fiche
  
",https://cdn.shopify.com/s/files/1/0563/1351/2135/products/CopyofFrostFreeThorTemplate_2_4a5baca7-9058-4f6d-a992-79c0cc5e60e0.png?v=1629269370,600.00,0,0,,USD,"Default Title",,,0,0,kg,,Freezer,t11300mec,"Thor Appliances","Thor Appliances",active,,
40711457472711,6936715133127,Freezer,"T125514FFSS Thor Appliances Freezer Free Standing Tall Freezer"," 
Model No: T125514FFSS
EAN: 539150341525

 
Net Capacity (Litres) 166
Refrigerator/Freezer (Litres) 0/166
Back Information Metal
Certificate CE(R600a)
Type Frost Free
Condenser type Inside
Climate Type ST
Energy Rating A+
Temp. Control Electronic control
Quick freeze function
Adjustable Leg
Handle vertical handle optional
Reversible Door
Twist ice-maker optional
Star Rating ****
Ice Tray 1
Shelf - 2
Transparent Drawer - 3
Net Weight (kg) 51
Gross Weight (kg) 56
Product Size  W x D x H (mm) 540X590X1443
Packing Size W x D x H (mm) 580X630X1470
Helpful Links:
Energy Label
",https://cdn.shopify.com/s/files/1/0563/1351/2135/products/FrostFreeThorTemplate_1.png?v=1629269273,866.00,0,0,,USD,"Default Title",,,0,0,kg,,Freezer,t125514ffss-freezer-free-standing-tall-freezer,"Thor Appliances","Thor Appliances",active,,
40711455670471,6936714543303,Freezer,"T125514FML1W Thor Appliances Freezer Free Standing Tall Freezer"," Model No: T125514FMLW
EAN: 5391503496496
White Up-right freezer
1 Ice Dispenser 
Reversible Door
Rating 4 stars
Freezing Capacity (kg/24h) 8
Maximum Freezer Storage Time in a Power Failure (min) 1253
Freezer Capacity Gross (L) 208
Freezer Capacity Net (L) 168
Number of Freezer Compartments 6
Type of Freezer Compartments Defrost
Energy Consumption (in kWh) 0.6
Annual Energy Consumption (in kWh/a) 219
Noise Level (in dBa) 40
Required Room Temperature 25℃
Dimensions
Width (in mm) 566
Depth (in mm) 545
Height (in mm) 1440
Weight (in Kg) 45
Helpful Links:
User Manual
",https://cdn.shopify.com/s/files/1/0563/1351/2135/products/ThorTemplate_2_24e2b81d-f408-426c-b982-e36b7bf2566e.png?v=1629269259,2344.00,1,1,,USD,"Default Title",,,0,0,kg,,Freezer,freezer-free-standing-tall-freezer,"Thor Appliances","Thor Appliances",active,,1
40711457964231,6936715362503,Freezer,"T125517FFSS Thor Appliances Freezer Free Standing Tall Freezer","Model No: T125517FFSS
EAN: 5391503415244
 
Net Capacity (Litres) 206
Refrigerator/Freezer (Litres) 0/206
Type Frost Free
Condenser  Inside
Energy Rating A+
Temp. Control Electronic control
Quick freeze function
Adjustable Leg
Handle Yes
Reversible Door
Twist ice-maker optional
Star Rating ****
Ice Tray 1
Door Bin - 2
Transparent Drawer- 4
Net Weight (kg) 47
Gross Weight (kg) 52
Product Size  W x D x H (mm) 540X590X1700
Packing Size W x D x H (mm) 580X630X1740
Back Information Metal
Certificate CE(R600a)
Climate Type ST

Helpful Links:
Manual
Energy Label 


",https://cdn.shopify.com/s/files/1/0563/1351/2135/products/FrostFreeThorTemplate.png?v=1629269277,1232.00,0,0,,USD,"Default Title",,,0,0,kg,,Freezer,t125517ffss-freezer-free-standing-tall-freezer,"Thor Appliances","Thor Appliances",active,,
40711456227527,6936714739911,Freezer,"T1255FMLW Thor Appliances Freezer Free Standing 55cm Under Counter","Model No: T1255FMLWEAN: 5391503414162 
Energy class FFreezer storage volume 98Energy comsumption of E32 (kW.h/24h) 0.702Energy comsumption of E16 (kW.h/24h) 0.334Annual energy consumption 210Noise level 41dBEEI data 124Min Ambient Temp 10Max ambient Temp 43Recommended Temp for Food Storage -18℃Defrosting Type manual defrostProduct Dimensions (W*D*H)mm 549*557*845Freezer Star Rating 4*
Useful Links: 
User Manual 
Energy Label 



",https://cdn.shopify.com/s/files/1/0563/1351/2135/products/ThorTemplate_19.png?v=1629269264,3423.00,1,1,,USD,"Default Title",,,0,0,kg,1,Freezer,freezer-free-standing-55cm-under-counter,"Thor Appliances","Thor Appliances",active,,1
41205577318599,6936714969287,Freezers,"T125FMDW Thor Appliances Freezer Free Standing 50cm Under Counter","Model No: T125FMDW
EAN: 5391503414810 
 
50cm Under Counter Freezer
Control Type Dial
Manual Defrost
Temperature Controls
Number of Door Compartments 3
Net Freezer Capacity Litres 68
No. of Freezer Compartments 3
Compartment Type Drawers
Clear Drawer Fronts
Energy Rating A+
Freezer Star Rating 4*
Noise Level (dB) 42
Annual Energy Consumption 168
Power Failure Safe Storage
Dimensions (Height x Width x Depth in cm) 845 x 501 x 540
Dimension with Packaging 865 x 527 x 570
Ideal Room Temperature 0/32 Degrees
Flame Retardent Back
Weight (Kg) 27

 
Helpful Links:
Energy Label
Manual
",https://cdn.shopify.com/s/files/1/0563/1351/2135/products/PPTemplate_13.png?v=1629269268,150.00,5,5,40.00,USD,small,black,copper,10000,10.00,kg,REF,Freezer,freezer-free-standing-50cm-under-counter,"Thor Appliances","Thor Appliances",active,shopify,1
41205577351367,6936714969287,Freezers,"T125FMDW Thor Appliances Freezer Free Standing 50cm Under Counter","Model No: T125FMDW
EAN: 5391503414810 
 
50cm Under Counter Freezer
Control Type Dial
Manual Defrost
Temperature Controls
Number of Door Compartments 3
Net Freezer Capacity Litres 68
No. of Freezer Compartments 3
Compartment Type Drawers
Clear Drawer Fronts
Energy Rating A+
Freezer Star Rating 4*
Noise Level (dB) 42
Annual Energy Consumption 168
Power Failure Safe Storage
Dimensions (Height x Width x Depth in cm) 845 x 501 x 540
Dimension with Packaging 865 x 527 x 570
Ideal Room Temperature 0/32 Degrees
Flame Retardent Back
Weight (Kg) 27

 
Helpful Links:
Energy Label
Manual
",https://cdn.shopify.com/s/files/1/0563/1351/2135/products/PPTemplate_13.png?v=1629269268,200.00,3,3,150.00,USD,small,black,steel,10000,10.00,kg,2,Freezer,freezer-free-standing-50cm-under-counter,"Thor Appliances","Thor Appliances",active,shopify,1
41205577384135,6936714969287,Freezers,"T125FMDW Thor Appliances Freezer Free Standing 50cm Under Counter","Model No: T125FMDW
EAN: 5391503414810 
 
50cm Under Counter Freezer
Control Type Dial
Manual Defrost
Temperature Controls
Number of Door Compartments 3
Net Freezer Capacity Litres 68
No. of Freezer Compartments 3
Compartment Type Drawers
Clear Drawer Fronts
Energy Rating A+
Freezer Star Rating 4*
Noise Level (dB) 42
Annual Energy Consumption 168
Power Failure Safe Storage
Dimensions (Height x Width x Depth in cm) 845 x 501 x 540
Dimension with Packaging 865 x 527 x 570
Ideal Room Temperature 0/32 Degrees
Flame Retardent Back
Weight (Kg) 27

 
Helpful Links:
Energy Label
Manual
",https://cdn.shopify.com/s/files/1/0563/1351/2135/products/PPTemplate_13.png?v=1629269268,400.00,4,4,422.00,USD,small,white,copper,10000,10.00,kg,3,Freezer,freezer-free-standing-50cm-under-counter,"Thor Appliances","Thor Appliances",active,shopify,1
41205577416903,6936714969287,Freezers,"T125FMDW Thor Appliances Freezer Free Standing 50cm Under Counter","Model No: T125FMDW
EAN: 5391503414810 
 
50cm Under Counter Freezer
Control Type Dial
Manual Defrost
Temperature Controls
Number of Door Compartments 3
Net Freezer Capacity Litres 68
No. of Freezer Compartments 3
Compartment Type Drawers
Clear Drawer Fronts
Energy Rating A+
Freezer Star Rating 4*
Noise Level (dB) 42
Annual Energy Consumption 168
Power Failure Safe Storage
Dimensions (Height x Width x Depth in cm) 845 x 501 x 540
Dimension with Packaging 865 x 527 x 570
Ideal Room Temperature 0/32 Degrees
Flame Retardent Back
Weight (Kg) 27

 
Helpful Links:
Energy Label
Manual
",https://cdn.shopify.com/s/files/1/0563/1351/2135/products/PPTemplate_13.png?v=1629269268,189.99,8,8,,USD,small,white,steel,10000,10.00,kg,4,Freezer,freezer-free-standing-50cm-under-counter,"Thor Appliances","Thor Appliances",active,shopify,1
41205577449671,6936714969287,Freezers,"T125FMDW Thor Appliances Freezer Free Standing 50cm Under Counter","Model No: T125FMDW
EAN: 5391503414810 
 
50cm Under Counter Freezer
Control Type Dial
Manual Defrost
Temperature Controls
Number of Door Compartments 3
Net Freezer Capacity Litres 68
No. of Freezer Compartments 3
Compartment Type Drawers
Clear Drawer Fronts
Energy Rating A+
Freezer Star Rating 4*
Noise Level (dB) 42
Annual Energy Consumption 168
Power Failure Safe Storage
Dimensions (Height x Width x Depth in cm) 845 x 501 x 540
Dimension with Packaging 865 x 527 x 570
Ideal Room Temperature 0/32 Degrees
Flame Retardent Back
Weight (Kg) 27

 
Helpful Links:
Energy Label
Manual
",https://cdn.shopify.com/s/files/1/0563/1351/2135/products/PPTemplate_13.png?v=1629269268,189.99,6,6,,USD,large,black,copper,10000,10.00,kg,5,Freezer,freezer-free-standing-50cm-under-counter,"Thor Appliances","Thor Appliances",active,shopify,1
41205577482439,6936714969287,Freezers,"T125FMDW Thor Appliances Freezer Free Standing 50cm Under Counter","Model No: T125FMDW
EAN: 5391503414810 
 
50cm Under Counter Freezer
Control Type Dial
Manual Defrost
Temperature Controls
Number of Door Compartments 3
Net Freezer Capacity Litres 68
No. of Freezer Compartments 3
Compartment Type Drawers
Clear Drawer Fronts
Energy Rating A+
Freezer Star Rating 4*
Noise Level (dB) 42
Annual Energy Consumption 168
Power Failure Safe Storage
Dimensions (Height x Width x Depth in cm) 845 x 501 x 540
Dimension with Packaging 865 x 527 x 570
Ideal Room Temperature 0/32 Degrees
Flame Retardent Back
Weight (Kg) 27

 
Helpful Links:
Energy Label
Manual
",https://cdn.shopify.com/s/files/1/0563/1351/2135/products/PPTemplate_13.png?v=1629269268,189.99,6,6,,USD,large,black,steel,10000,10.00,kg,6,Freezer,freezer-free-standing-50cm-under-counter,"Thor Appliances","Thor Appliances",active,shopify,1
41205577515207,6936714969287,Freezers,"T125FMDW Thor Appliances Freezer Free Standing 50cm Under Counter","Model No: T125FMDW
EAN: 5391503414810 
 
50cm Under Counter Freezer
Control Type Dial
Manual Defrost
Temperature Controls
Number of Door Compartments 3
Net Freezer Capacity Litres 68
No. of Freezer Compartments 3
Compartment Type Drawers
Clear Drawer Fronts
Energy Rating A+
Freezer Star Rating 4*
Noise Level (dB) 42
Annual Energy Consumption 168
Power Failure Safe Storage
Dimensions (Height x Width x Depth in cm) 845 x 501 x 540
Dimension with Packaging 865 x 527 x 570
Ideal Room Temperature 0/32 Degrees
Flame Retardent Back
Weight (Kg) 27

 
Helpful Links:
Energy Label
Manual
",https://cdn.shopify.com/s/files/1/0563/1351/2135/products/PPTemplate_13.png?v=1629269268,189.99,8,8,,USD,large,white,copper,10000,10.00,kg,7,Freezer,freezer-free-standing-50cm-under-counter,"Thor Appliances","Thor Appliances",active,shopify,1
41205577547975,6936714969287,Freezers,"T125FMDW Thor Appliances Freezer Free Standing 50cm Under Counter","Model No: T125FMDW
EAN: 5391503414810 
 
50cm Under Counter Freezer
Control Type Dial
Manual Defrost
Temperature Controls
Number of Door Compartments 3
Net Freezer Capacity Litres 68
No. of Freezer Compartments 3
Compartment Type Drawers
Clear Drawer Fronts
Energy Rating A+
Freezer Star Rating 4*
Noise Level (dB) 42
Annual Energy Consumption 168
Power Failure Safe Storage
Dimensions (Height x Width x Depth in cm) 845 x 501 x 540
Dimension with Packaging 865 x 527 x 570
Ideal Room Temperature 0/32 Degrees
Flame Retardent Back
Weight (Kg) 27

 
Helpful Links:
Energy Label
Manual
",https://cdn.shopify.com/s/files/1/0563/1351/2135/products/PPTemplate_13.png?v=1629269268,189.99,10,10,,USD,large,white,steel,10000,10.00,kg,8,Freezer,freezer-free-standing-50cm-under-counter,"Thor Appliances","Thor Appliances",active,shopify,1
40711458619591,6936715559111,Freezer,"T13FZEMBI Thor Built In Tall  Upright Freezer","Model No: T13FZEMBI
EAN: 5391503415701 
Click here for User Manual
Door profile - Flat
Handle Integrated
Basic features
Climate class ST=18~38°C
Freezer compartment star rating 4 Stars
Energy efficiency class F
Energy efficiency index (EEI)  124.7
Annual energy consumption (AE) 263.21
Standard annual energy consumption (SAE) 211.05 
Daily energy consumption at 16°C (E16) 0.429
Daily energy consumption at 32°C (E32)  0.869
Gross capacity210 
Net capacity 200
Freezing capacity / 24 hours  
Max storage time by power failure  Freezer 10
Max noise level
Noise emission class C
Key features
Number of compressor 1
Defrosting  fridge / Freezer  Manual
Control system  Manual
Control panel
Temperature range    (from&gt;to)  ＜-18°C
Super Freezing 
Over-temperature alarm         
Adjustable thermostat           
Control lamps                      
Basics data
Unit dimensions  with-out handle  ( H / W / D) 177X54X54
Depth with open door 105.7
Net weight 57
Voltage / frequency 220-240V/50Hz
Input power / mains fuse (intensity)100
Reversible door 
Gasket colour white
Freezer compartment
Drawer(s) 9
Accessories
Adjustable feet  (front / rear) Y/N
Castors  (front / rear) N/N
Length of cable/incl. plug(Min) 170cm
Packing dimensions               
Packing dimensions (H / W / D) 182*565*565
Gross weight    62
Logistic / recycling information
Packing weight 5.00kg




",https://cdn.shopify.com/s/files/1/0563/1351/2135/products/ThorTemplate_18_6f559e2e-835d-4819-9248-90daeda258db.png?v=1629269282,499.59,0,0,,USD,"Default Title",,,0,0,kg,,Freezer,t13fzembi-thor-built-in-tall-freezer,"Thor Appliances","Thor Appliances",active,,
