<?xml version="1.0" encoding="utf-8"?>
<rss version="2.0" xmlns:g="http://base.google.com/ns/1.0">
  <channel>
    <title>TEST---2</title>
    <description>Display your products on google shopping, search and other partner sites</description>
    <link>https://shopi-test-app-2.myshopify.com</link>
    <item>
      <g:id>41205577384135</g:id>
      <g:title>T125FMDW Thor Appliances Freezer Free Standing 50cm Under Counter</g:title>
      <g:description>Model No: T125FMDWEAN: 5391503414810  50cm Under Counter FreezerControl Type DialManual DefrostTemperature ControlsNumber of Door Compartments 3Net Freezer Capacity Litres 68No. of Freezer Compartments 3Compartment Type DrawersClear Drawer FrontsEnergy Rating A+Freezer Star Rating 4*Noise Level (dB) 42Annual Energy Consumption 168Power Failure Safe StorageDimensions (Height x Width x Depth in cm) 845 x 501 x 540Dimension with Packaging 865 x 527 x 570Ideal Room Temperature 0/32 DegreesFlame Retardent BackWeight (Kg) 27 Helpful Links:Energy LabelManual</g:description>
      <link>http://shopi-test-app-2.myshopify.com/products/freezer-free-standing-50cm-under-counter?variant=41205577384135</link>
      <price>400.00</price>
      <condition>new</condition>
      <availability>in stock</availability>
      <image_link>https://cdn.shopify.com/s/files/1/0563/1351/2135/products/PPTemplate_13.png?v=1629269268</image_link>
      <shipping_weight>10.00</shipping_weight>
      <google_product_category>Freezers</google_product_category>
      <product_type>Freezers</product_type>
      <brand>Thor Appliances</brand>
      <color>white</color>
      <quantity>4</quantity>
    </item>
    <item>
      <g:id>41205577416903</g:id>
      <g:title>T125FMDW Thor Appliances Freezer Free Standing 50cm Under Counter</g:title>
      <g:description>Model No: T125FMDWEAN: 5391503414810  50cm Under Counter FreezerControl Type DialManual DefrostTemperature ControlsNumber of Door Compartments 3Net Freezer Capacity Litres 68No. of Freezer Compartments 3Compartment Type DrawersClear Drawer FrontsEnergy Rating A+Freezer Star Rating 4*Noise Level (dB) 42Annual Energy Consumption 168Power Failure Safe StorageDimensions (Height x Width x Depth in cm) 845 x 501 x 540Dimension with Packaging 865 x 527 x 570Ideal Room Temperature 0/32 DegreesFlame Retardent BackWeight (Kg) 27 Helpful Links:Energy LabelManual</g:description>
      <link>http://shopi-test-app-2.myshopify.com/products/freezer-free-standing-50cm-under-counter?variant=41205577416903</link>
      <price>189.99</price>
      <condition>new</condition>
      <availability>in stock</availability>
      <image_link>https://cdn.shopify.com/s/files/1/0563/1351/2135/products/PPTemplate_13.png?v=1629269268</image_link>
      <shipping_weight>10.00</shipping_weight>
      <google_product_category>Freezers</google_product_category>
      <product_type>Freezers</product_type>
      <brand>Thor Appliances</brand>
      <color>white</color>
      <quantity>8</quantity>
    </item>
    <item>
      <g:id>41205577515207</g:id>
      <g:title>T125FMDW Thor Appliances Freezer Free Standing 50cm Under Counter</g:title>
      <g:description>Model No: T125FMDWEAN: 5391503414810  50cm Under Counter FreezerControl Type DialManual DefrostTemperature ControlsNumber of Door Compartments 3Net Freezer Capacity Litres 68No. of Freezer Compartments 3Compartment Type DrawersClear Drawer FrontsEnergy Rating A+Freezer Star Rating 4*Noise Level (dB) 42Annual Energy Consumption 168Power Failure Safe StorageDimensions (Height x Width x Depth in cm) 845 x 501 x 540Dimension with Packaging 865 x 527 x 570Ideal Room Temperature 0/32 DegreesFlame Retardent BackWeight (Kg) 27 Helpful Links:Energy LabelManual</g:description>
      <link>http://shopi-test-app-2.myshopify.com/products/freezer-free-standing-50cm-under-counter?variant=41205577515207</link>
      <price>189.99</price>
      <condition>new</condition>
      <availability>in stock</availability>
      <image_link>https://cdn.shopify.com/s/files/1/0563/1351/2135/products/PPTemplate_13.png?v=1629269268</image_link>
      <shipping_weight>10.00</shipping_weight>
      <google_product_category>Freezers</google_product_category>
      <product_type>Freezers</product_type>
      <brand>Thor Appliances</brand>
      <color>white</color>
      <quantity>8</quantity>
    </item>
    <item>
      <g:id>41205577547975</g:id>
      <g:title>T125FMDW Thor Appliances Freezer Free Standing 50cm Under Counter</g:title>
      <g:description>Model No: T125FMDWEAN: 5391503414810  50cm Under Counter FreezerControl Type DialManual DefrostTemperature ControlsNumber of Door Compartments 3Net Freezer Capacity Litres 68No. of Freezer Compartments 3Compartment Type DrawersClear Drawer FrontsEnergy Rating A+Freezer Star Rating 4*Noise Level (dB) 42Annual Energy Consumption 168Power Failure Safe StorageDimensions (Height x Width x Depth in cm) 845 x 501 x 540Dimension with Packaging 865 x 527 x 570Ideal Room Temperature 0/32 DegreesFlame Retardent BackWeight (Kg) 27 Helpful Links:Energy LabelManual</g:description>
      <link>http://shopi-test-app-2.myshopify.com/products/freezer-free-standing-50cm-under-counter?variant=41205577547975</link>
      <price>189.99</price>
      <condition>new</condition>
      <availability>in stock</availability>
      <image_link>https://cdn.shopify.com/s/files/1/0563/1351/2135/products/PPTemplate_13.png?v=1629269268</image_link>
      <shipping_weight>10.00</shipping_weight>
      <google_product_category>Freezers</google_product_category>
      <product_type>Freezers</product_type>
      <brand>Thor Appliances</brand>
      <color>white</color>
      <quantity>10</quantity>
    </item>
  </channel>
</rss>
